{"cameraMode":{"drawMode":0,"name":"Shaded","section":"Shading Mode"},"sceneLighting":true,"audioPlay":false,"sceneViewState":{"showFog":false,"showMaterialUpdate":false,"showSkybox":false,"showFlares":false,"showImageEffects":false,"showParticleSystems":false},"in2DMode":false,"pivot":{"x":-2.2407078742980959,"y":4.0555100440979,"z":11.967118263244629},"rotation":{"x":0.08268007636070252,"y":0.02870706282556057,"z":-0.002410890767350793,"w":0.9961931109428406},"size":13.60776138305664,"orthographic":false}